{
  "HDFS_2k.log_structured_corrected": {
    "dataset_name": "HDFS_2k.log_structured_corrected",
    "timestamp": "20251015_134211",
    "config": {
      "data": {
        "dataset_path": "HDFS_2k.log_structured_corrected.csv",
        "sample_ratio": 1.0,
        "window_size": 10,
        "stride": 1,
        "max_vocab": 5000,
        "max_seq_len": 20
      },
      "encoding": {
        "strategy": "rate",
        "time_steps": 100,
        "max_rate": 1.0
      },
      "snn": {
        "input_size": 20,
        "hidden_size": 128,
        "output_size": 2,
        "num_layers": 2,
        "tau": 2.0
      },
      "baseline": {
        "type": "lstm",
        "hidden_size": 128,
        "num_layers": 2
      },
      "training": {
        "batch_size": 32,
        "epochs": 10,
        "learning_rate": 0.001,
        "device": "cpu",
        "validation_split": 0.2
      },
      "evaluation": {
        "metrics": [
          "accuracy",
          "precision",
          "recall",
          "f1_score",
          "latency"
        ]
      },
      "ci_cd": {
        "run_tests": true,
        "log_dir": "logs",
        "save_models": true
      }
    },
    "data_stats": {
      "total_sequences": 1991,
      "sequence_shape": [
        1991,
        20
      ],
      "has_labels": false
    },
    "encoding_stats": {
      "strategy": "rate",
      "spike_shape": [
        1991,
        20,
        100
      ],
      "spike_density": 0.06173757091164589
    },
    "snn_training": {
      "accuracy": 49.87468671679198,
      "latency_ms": 28.008405978863056,
      "energy_proxy": 0.0,
      "predictions": "[0 0 0 0 0 0 0 0 0 0 0 0 0 0 0 0 0 0 0 0 0 0 0 0 0 0 0 0 0 0 0 0 0 0 0 0 0\n 0 0 0 0 0 0 0 0 0 0 0 0 0 0 0 0 0 0 0 0 0 0 0 0 0 0 0 0 0 0 0 0 0 0 0 0 0\n 0 0 0 0 0 0 0 0 0 0 0 0 0 0 0 0 0 0 0 0 0 0 0 0 0 0 0 0 0 0 0 0 0 0 0 0 0\n 0 0 0 0 0 0 0 0 0 0 0 0 0 0 0 0 0 0 0 0 0 0 0 0 0 0 0 0 0 0 0 0 0 0 0 0 0\n 0 0 0 0 0 0 0 0 0 0 0 0 0 0 0 0 0 0 0 0 0 0 0 0 0 0 0 0 0 0 0 0 0 0 0 0 0\n 0 0 0 0 0 0 0 0 0 0 0 0 0 0 0 0 0 0 0 0 0 0 0 0 0 0 0 0 0 0 0 0 0 0 0 0 0\n 0 0 0 0 0 0 0 0 0 0 0 0 0 0 0 0 0 0 0 0 0 0 0 0 0 0 0 0 0 0 0 0 0 0 0 0 0\n 0 0 0 0 0 0 0 0 0 0 0 0 0 0 0 0 0 0 0 0 0 0 0 0 0 0 0 0 0 0 0 0 0 0 0 0 0\n 0 0 0 0 0 0 0 0 0 0 0 0 0 0 0 0 0 0 0 0 0 0 0 0 0 0 0 0 0 0 0 0 0 0 0 0 0\n 0 0 0 0 0 0 0 0 0 0 0 0 0 0 0 0 0 0 0 0 0 0 0 0 0 0 0 0 0 0 0 0 0 0 0 0 0\n 0 0 0 0 0 0 0 0 0 0 0 0 0 0 0 0 0 0 0 0 0 0 0 0 0 0 0 0 0]",
      "labels": "[1 1 0 1 0 0 0 1 0 1 0 0 1 1 1 0 0 0 0 0 0 0 1 0 1 1 1 0 1 0 1 0 0 1 1 0 0\n 0 0 0 0 0 1 0 1 0 1 1 1 1 1 1 0 0 1 0 1 0 0 0 1 0 1 1 1 1 0 1 1 0 0 1 1 1\n 0 1 0 0 1 1 0 1 1 1 0 1 1 1 1 1 1 1 1 0 0 0 0 0 1 0 0 1 0 0 1 0 1 1 1 1 0\n 1 0 0 1 0 1 1 0 1 1 0 1 1 1 0 1 0 0 0 0 1 0 1 0 1 1 0 1 1 1 0 0 0 0 0 0 0\n 1 0 0 1 1 0 0 1 0 0 0 0 0 1 0 1 1 1 0 1 0 0 1 0 1 0 0 0 1 1 1 0 1 1 1 1 0\n 1 0 1 1 0 1 1 1 1 0 0 1 1 0 1 0 1 1 1 1 1 0 0 1 1 0 1 1 1 0 1 1 0 0 0 1 0\n 1 1 0 1 0 0 1 1 0 1 0 1 1 0 1 1 0 1 1 0 1 1 1 0 1 0 0 1 1 0 0 1 1 1 0 1 1\n 1 1 0 0 0 0 0 0 1 1 1 0 1 1 0 0 1 0 1 1 1 0 0 1 0 1 0 1 0 0 1 0 0 0 0 1 1\n 1 0 0 1 0 1 0 0 0 0 1 1 0 1 0 1 1 0 0 0 1 0 1 0 1 0 1 0 1 1 1 0 1 0 1 0 0\n 1 1 1 1 0 0 0 0 0 1 0 1 1 1 1 0 0 0 0 0 0 0 0 0 0 1 0 0 1 1 1 0 0 1 0 1 0\n 0 0 0 0 0 0 0 1 0 1 1 1 0 0 1 1 1 1 0 0 1 1 0 1 0 1 1 0 0]"
    },
    "baseline_training": {
      "isolation_forest": {
        "accuracy": 45.86466165413533,
        "precision": 45.66929133858268,
        "recall": 28.292682926829265,
        "f1": 34.93975903614458,
        "latency_ms": 0.015666311546077106,
        "predictions": "[0 0 0 0 0 0 0 0 0 0 0 1 0 0 1 0 0 1 0 1 0 0 1 0 1 1 1 0 0 1 1 0 0 1 0 0 0\n 0 1 1 0 0 0 1 0 0 0 1 1 0 0 0 1 0 0 0 0 0 0 0 0 0 1 0 0 1 0 1 0 0 0 0 0 0\n 0 1 1 1 0 0 0 1 0 0 1 0 0 0 1 1 1 1 0 1 1 0 0 1 1 1 0 0 1 1 1 1 1 1 1 1 0\n 1 0 0 0 1 0 0 0 0 0 0 0 0 0 0 0 0 0 0 0 0 0 0 0 0 0 0 0 0 0 0 0 0 0 0 0 0\n 0 0 0 0 0 0 0 0 0 0 1 1 1 0 0 0 0 0 1 0 0 0 0 1 1 0 1 0 0 0 0 0 0 0 1 1 1\n 0 1 0 0 1 0 1 1 0 0 1 1 0 0 0 0 0 1 1 1 0 0 0 0 0 0 1 1 0 1 1 0 0 0 0 0 0\n 0 1 1 0 0 1 1 1 0 1 0 0 1 0 1 0 0 1 0 1 1 1 0 1 0 0 0 1 0 0 0 0 0 0 0 0 0\n 0 0 0 0 0 0 0 0 0 0 0 0 0 0 0 0 0 0 0 0 0 0 0 0 0 0 0 0 0 0 0 0 0 0 0 0 0\n 0 1 0 0 1 0 0 1 0 1 0 0 1 0 1 1 1 1 1 1 0 1 0 1 0 1 0 0 0 1 0 1 1 1 1 1 0\n 1 1 1 0 1 0 0 0 1 0 1 1 0 1 0 1 1 1 1 1 0 0 0 0 0 1 0 0 0 0 0 0 1 0 0 0 0\n 1 0 0 1 0 1 1 0 0 0 0 0 1 1 0 1 0 0 1 0 0 0 0 1 1 0 1 0 0]",
        "labels": "[1 1 1 1 1 1 1 0 1 1 1 0 0 0 0 1 1 0 0 1 1 0 1 0 0 1 0 0 0 0 0 0 1 1 0 0 1\n 1 0 1 1 1 1 0 0 1 1 0 1 1 0 0 1 0 0 0 0 0 0 0 0 0 0 0 1 0 1 0 1 1 0 0 0 1\n 1 1 0 0 1 0 1 0 1 1 1 0 0 0 1 0 0 0 1 1 1 1 0 1 0 1 0 0 1 0 0 1 0 0 1 0 1\n 0 0 1 0 1 1 1 0 0 0 1 1 1 0 0 0 0 1 1 1 1 1 0 1 1 0 1 1 1 1 1 0 1 0 1 1 1\n 1 1 1 0 0 1 0 1 1 1 1 0 1 0 0 0 0 0 0 1 1 0 1 1 1 0 1 0 0 0 0 1 1 0 1 1 1\n 0 0 0 1 0 0 0 1 0 0 1 0 1 0 0 1 1 0 0 0 1 0 0 0 0 1 1 0 1 1 0 1 0 0 0 1 0\n 0 0 1 0 1 1 1 0 0 1 0 0 1 0 1 0 1 1 0 0 0 0 0 0 1 1 1 1 0 1 0 1 1 1 1 1 0\n 0 1 0 1 1 1 0 1 1 1 1 1 0 1 1 1 0 1 1 1 0 0 1 0 0 0 1 0 1 1 1 0 1 1 1 1 1\n 0 0 0 0 0 1 1 0 0 0 1 0 1 1 0 1 1 1 1 1 0 1 1 0 0 0 0 0 0 0 0 0 1 1 0 1 1\n 1 0 1 1 1 1 1 0 1 1 0 0 0 0 1 0 0 1 0 0 1 1 1 1 0 0 0 0 0 1 1 1 0 1 0 1 1\n 0 1 1 0 1 1 0 0 0 1 0 1 1 0 1 1 1 0 1 1 0 1 0 0 1 1 0 1 1]"
      }
    },
    "evaluation": {
      "engineering_metrics": {
        "SNN": {
          "model": "SNN",
          "lines_of_code": 136,
          "lines_comments": 6,
          "maintainability_index": 0.0,
          "cyclomatic_complexity_avg": 2.0,
          "cyclomatic_complexity_max": 4
        },
        "Baseline": {
          "model": "Baseline",
          "lines_of_code": 158,
          "lines_comments": 3,
          "maintainability_index": 0.0,
          "cyclomatic_complexity_avg": 1.64,
          "cyclomatic_complexity_max": 3
        },
        "project_modularity": {
          "modules": 8,
          "classes": 17,
          "functions": 62
        }
      }
    }
  },
  "HPC_2k.log_structured_corrected": {
    "dataset_name": "HPC_2k.log_structured_corrected",
    "timestamp": "20251015_134211",
    "config": {
      "data": {
        "dataset_path": "HDFS_2k.log_structured_corrected.csv",
        "sample_ratio": 1.0,
        "window_size": 10,
        "stride": 1,
        "max_vocab": 5000,
        "max_seq_len": 20
      },
      "encoding": {
        "strategy": "rate",
        "time_steps": 100,
        "max_rate": 1.0
      },
      "snn": {
        "input_size": 20,
        "hidden_size": 128,
        "output_size": 2,
        "num_layers": 2,
        "tau": 2.0
      },
      "baseline": {
        "type": "lstm",
        "hidden_size": 128,
        "num_layers": 2
      },
      "training": {
        "batch_size": 32,
        "epochs": 10,
        "learning_rate": 0.001,
        "device": "cpu",
        "validation_split": 0.2
      },
      "evaluation": {
        "metrics": [
          "accuracy",
          "precision",
          "recall",
          "f1_score",
          "latency"
        ]
      },
      "ci_cd": {
        "run_tests": true,
        "log_dir": "logs",
        "save_models": true
      }
    },
    "data_stats": {
      "total_sequences": 1991,
      "sequence_shape": [
        1991,
        20
      ],
      "has_labels": true
    },
    "encoding_stats": {
      "strategy": "rate",
      "spike_shape": [
        1991,
        20,
        100
      ],
      "spike_density": 0.0571720227599144
    },
    "snn_training": {
      "accuracy": 100.0,
      "latency_ms": 33.79178047180176,
      "energy_proxy": 64.61538461538461,